{
  "n_raw": 83495,
  "n_analysis": 51682,
  "n_speakers": 1177,
  "n_afd_speakers": 112,
  "n_excluded_procedural": 17997,
  "n_excluded_short": 13816,
  "icc_speaker": 0.19513551206807497,
  "icc_sitting_day": 0.08407222758077813,
  "corr_surprisal_logtokens": 0.6659116306552468,
  "afd_beta_raw": 0.12926321458691636,
  "afd_d": 0.21938939567156368,
  "afd_d_lo": 0.15444370781995176,
  "afd_d_hi": 0.2843350835231756,
  "pseudo_r2_marginal": 0.46155657396759736,
  "pseudo_r2_conditional": 0.5462898997617179,
  "emmeans": {
    "CDU": 4.097,
    "SPD": 4.004,
    "GRUENE": 3.987,
    "FDP": 3.982,
    "DIELINKE": 3.978,
    "AFD": 4.157
  },
  "afd_x_time_beta": -0.008797864797079526,
  "gov_effect_beta": 0.036650793961250996,
  "afd_d_within_opposition": 0.20424281616408652,
  "afd_x_academic_beta": 0.03835077245229508,
  "pop_gradient": {
    "mainstream": 4.034,
    "links_pop (DIELINKE)": 3.984,
    "rechts_pop (AfD)": 4.157
  },
  "triangulation": {
    "surprisal": 0.219,
    "LIX": 0.098,
    "flesch_de": -0.119,
    "wstf": 0.19
  },
  "afd_beta_ols_speakercluster": 0.15631565562181388,
  "afd_beta_fdp_sens": 0.12787317506922244,
  "afd_d_quad_length": 0.2661284002547749
}